RiskBucket,count,Avg_PD,default_rate,population_share
Low,45601,0.04681819614163127,0.046380561829784436,0.7414435068208055
Medium,14581,0.15844665902864247,0.16171730333996295,0.23707786612035187
High,1321,0.3758582625285183,0.372445117335352,0.021478627058842657
