RiskBucket,count,Avg_PD,default_rate,population_share
Low,45530,0.04627578770181197,0.04651877882714694,0.7402890915890282
Medium,14547,0.15919000759872334,0.16023922458238812,0.23652504755865567
High,1426,0.3803132624799777,0.36185133239831696,0.023185860852316147
